,jigaboo
0,moundofvenus
1,asslover
2,s&m
3,queaf
4,whitetrash
5,meatrack
6,ra8s
7,pimp
8,urine
9,whit
10,randy
11,herpes
12,niglet
13,narcotic
14,pudboy
15,rimming
16,boner
17,pornography
18,poopchute
19,israel
20,dong
21,slanteye
22,muffdiving
23,jiggabo
24,assassination
25,peepshpw
26,popimp
27,girlon
28,testicles
29,laid
30,molestor
31,peni5
32,tranny
33,barface
34,hell
35,arsehole
36,pissed
37,sixsixsix
38,execute
39,shitty
40,conspiracy
41,hamas
42,cunilingus
43,bitcher
44,muslim
45,pee
46,niggled
47,muffindiver
48,cocksman
49,scag
50,aroused
51,niggling
52,fingerfucker
53,nlggor
54,niggaz
55,assfuck
56,slant
57,urinate
58,mothafucked
59,fungus
60,retard
61,gummer
62,venusmound
63,alla
64,spaghettinigger
65,piss
66,mickeyfinn
67,fuckers
68,jizzim
69,tramp
70,quashie
71,princealbertpiercing
72,hardon
73,menageatrois
74,bukkake
75,shag
76,australian
77,raped
78,buggery
79,deth
80,weenie
81,lickme
82,reversecowgirl
83,tonguetramp
84,cum
85,copulate
86,gun
87,schlong
88,cunn
89,damnit
90,crackpipe
91,buttmuncher
92,cameltoe
93,camgirl
94,hotpussy
95,cuntfucker
96,slave
97,sluts
98,balllicking
99,hentai
100,jackshit
101,dickman
102,doodoo
103,gook
104,crimes
105,ho
106,bomd
107,shitdick
108,slapper
109,urinary
110,tantra
111,nookie
112,fuckedup
113,gubba
114,niggur
115,cybersex
116,dicklicker
117,cunillingus
118,hitlerism
119,butt
120,triplex
121,busty
122,dicklick
123,kunilingus
124,asian
125,tonguethrust
126,fistfucking
127,assmonkey
128,criminal
129,cockknob
130,koon
131,children's
132,shat
133,footfucker
134,blondeaction
135,spitter
136,weapon
137,dive
138,cumm
139,cuntlicking
140,sexyslim
141,lemonparty
142,vibrater
143,upskirt
144,jijjiboo
145,fuckfriend
146,pthc
147,mothafucka
148,sniggered
149,buttfuckers
150,nutfucker
151,peehole
152,taboo
153,erection
154,nudity
155,bast
156,lesbayn
157,hummer
158,shortfuck
159,cherrypopper
160,adult
161,palestinian
162,pussylips
163,nooner
164,howtokill
165,blumpkin
166,stiffy
167,pisspig
168,beastiality
169,latin
170,butchbabes
171,spunk
172,gross
173,xx
174,crackwhore
175,buttfuckers
176,kraut
177,pooping
178,styledoggy
179,lactate
180,fecal
181,rustytrombone
182,wrinkledstarfish
183,spigotty
184,dink
185,clogwog
186,whitey
187,dies
188,radical
189,slaughter
190,bollick
191,sodomite
192,balls
193,nimphomania
194,ballgag
195,poof
196,muffdiver
197,jailbait
198,beaver
199,asspirate
200,bareback
201,pimpjuice
202,ballsack
203,bisexual
204,torture
205,limey
206,nookey
207,breastman
208,loser
209,kills
210,lesbo
211,beatyourmeat
212,lovemaking
213,munt
214,clitoris
215,fornicate
216,wetdream
217,doublepenetration
218,missionaryposition
219,bugger
220,lovejuice
221,daterape
222,eatballs
223,handjob
224,nlgger
225,dixiedyke
226,junglebunny
227,sonofabitch
228,goddamned
229,deepthroat
230,jism
231,assclown
232,shitforbrains
233,screwyou
234,ethiopian
235,nastyslut
236,gangbang
237,lubejob
238,tiedup
239,makemecome
240,rimjob
241,sexfarm
242,tightwhite
243,lezbe
244,lezbo
245,tribadism
246,buttbang
247,asskiss
248,sadism
249,biteme
250,angie
251,abortion
252,murderer
253,motherfucker
254,sextoy
255,2g1c
256,doggystyle
257,cunntt
258,cooly
259,ballsack
260,sodom
261,slideitin
262,fudgepacker
263,fatfuck
264,god
265,gipp
266,communist
267,felatio
268,libido
269,xtc
270,cuntfuck
271,niggardly
272,fuckface
273,faggot
274,protestant
275,trailertrash
276,headfuck
277,shav
278,dickweed
279,refugee
280,trannie
281,giantcock
282,sexhound
283,slut
284,dead
285,titlover
286,wank
287,moslem
288,krappy
289,blackcock
290,idiot
291,tortur
292,erotic
293,donkeypunch
294,dirtypillows
295,cockcowboy
296,sucker
297,cocktail
298,doom
299,hymen
300,vibr
301,terrorist
302,mufflikcer
303,phonesex
304,teste
305,pisshead
306,slime
307,brea5t
308,teabagging
309,slutt
310,cumbubble
311,blackout
312,hijacking
313,premature
314,sextogo
315,arse
316,racist
317,jimfish
318,flydye
319,juggs
320,jade
321,wigger
322,niggard's
323,jigg
324,dumb
325,devilworshipper
326,firing
327,gatorbait
328,murder
329,chinese
330,fastfuck
331,spik
332,nuke
333,bastinado
334,kondum
335,pansy
336,destroy
337,ikey
338,womenrapping
339,titfucker
340,crime
341,swinger
342,shitola
343,killer
344,fart
345,booby
346,pimpsimp
347,coon
348,strapon
349,zigabo
350,faith
351,bisexual
352,gangsta
353,teat
354,boobies
355,kafir
356,dpaction
357,jugs
358,husky
359,homoerotic
360,twinkie
361,spooge
362,kink
363,sleezebag
364,gay
365,homo
366,slutwhore
367,dickless
368,cumfest
369,israeli
370,fuk
371,niggardliness
372,nigr
373,goddamit
374,sandnigger
375,dope
376,insest
377,foreskin
378,acrotomophilia
379,dumbbitch
380,fuckmonkey
381,pubiclice
382,cyberslimer
383,titfuck
384,cummer
385,kumquat
386,oneguyonejar
387,fire
388,sexo
389,carruth
390,cocktease
391,trisexual
392,pric
393,rabbi
394,gypp
395,cunnilingus
396,dipshit
397,welfare
398,arabs
399,transvestite
400,tnt
401,penile
402,mothafuckings
403,peckerwood
404,enemy
405,negroid
406,genital
407,gangbanger
408,queef
409,strapon
410,thicklips
411,femalesquirting
412,flydie
413,crabs
414,christ
415,ejaculate
416,carpetmuncher
417,lucifer
418,butchdyke
419,vatican
420,skumbag
421,horseshit
422,eunuch
423,dickforbrains
424,bondage
425,kumbullbe
426,crack
427,niggerhole
428,niggard
429,rosypalm
430,assranger
431,beatoff
432,bastard
433,asspuppies
434,jiggerboo
435,cuntlick
436,pommie
437,doggiestyle
438,lezz
439,jesuschrist
440,nazi
441,feltch
442,chode
443,pleasurechest
444,wetback
445,zipperhead
446,necro
447,goddamnmuthafucker
448,whiskeydick
449,slopy
450,executioner
451,colored
452,ethnic
453,turnon
454,hole
455,nofuckingway
456,mastrabator
457,jackoff
458,orgies
459,pisses
460,blowj
461,criminals
462,cockqueen
463,tosser
464,snownigger
465,holestuffer
466,dipstick
467,mofo
468,nipplering
469,minority
470,italiano
471,palesimian
472,poo
473,horn
474,rape
475,genitals
476,conservative
477,jebus
478,bullcrap
479,dick
480,cumqueen
481,spreadlegs
482,cancer
483,kaffir
484,mocky
485,suckmytit
486,vorarephilia
487,naked
488,shited
489,nigg
490,spermhearder
491,whore
492,african
493,disease
494,lovebone
495,spreadeagle
496,coprolagnia
497,humping
498,suicidegirls
499,bong
500,polesmoker
501,shrimping
502,gin
503,purinapricness
504,sexslave
505,bigknockers
506,iblowu
507,pissin
508,skank
509,lotion
510,asshole
511,easyslut
512,mothafucker
513,whiz
514,lsd
515,cocksucked
516,hosejob
517,wanker
518,cumjockey
519,eatmyass
520,lovegoo
521,whites
522,propaganda
523,sexwhore
524,cunt
525,welcher
526,howtomurder
527,scum
528,phuked
529,suckoff
530,shithapens
531,drug
532,autoerotic
533,sultrywomen
534,barenaked
535,wetspot
536,sixtynine
537,wrappingmen
538,buttplug
539,jiggy
540,alligatorbait
541,flange
542,shitfit
543,dirty
544,hugefat
545,bulldyke
546,orgasm
547,bumfuck
548,deposit
549,bigbreasts
550,sexual
551,japanese
552,suckmyass
553,church
554,goyim
555,bohunk
556,bigass
557,fannyfucker
558,gaymuthafuckinwhore
559,babies
560,girls
561,turd
562,fuckbuttons
563,fagging
564,pisser
565,sandm
566,wog
567,escort
568,octopussy
569,tinkle
570,snigger
571,groe
572,vibrator
573,dix
574,swalow
575,chin
576,niggles
577,asslicker
578,molester
579,backseat
580,geez
581,seppo
582,sexually
583,boong
584,voyeur
585,butthole
586,hoser
587,fore
588,asswhore
589,cocaine
590,skanky
591,european
592,mothafuck
593,titlicker
594,buttstain
595,penises
596,spermacide
597,mexican
598,skankybitch
599,whitepower
600,puddboy
601,coondog
602,stripclub
603,mockie
604,american
605,jesus
606,tushy
607,kumbubble
608,milf
609,mormon
610,ontherag
611,henhouse
612,slutty
613,bigblack
614,dego
615,daterape
616,phukked
617,cuntlicker
618,failed
619,lezbefriends
620,pissing
621,bitchy
622,pohm
623,kigger
624,nastywhore
625,bangbros
626,upthebutt
627,cohee
628,fistfuck
629,fuckingbitch
630,shibari
631,cigs
632,jiggaboo
633,japcrap
634,raper
635,jackass
636,orgasim
637,sexed
638,jackoff
639,babybatter
640,toilet
641,tampon
642,uk
643,porn
644,snowballing
645,goldenshower
646,titties
647,towelhead
648,titjob
649,abo
650,molestation
651,fok
652,crapola
653,foursome
654,suicide
655,scrotum
656,cumming
657,niggerhead
658,pussie
659,abuse
660,analannie
661,cocksucking
662,breastjob
663,blondeonblondeaction
664,paedophile
665,kumming
666,reestie
667,suckme
668,willie
669,shhit
670,titbitnipply
671,hotchick
672,skankwhore
673,fudgepacker
674,dragqueen
675,deapthroat
676,barelylegal
677,circlejerk
678,shinola
679,hookers
680,flatulence
681,scat
682,damn
683,mafia
684,anus
685,gokkun
686,argie
687,buttpirate
688,goregasm
689,fagot
690,fuks
691,redneck
692,jiga
693,cockhead
694,freakfuck
695,2girls1cup
696,crotchjockey
697,dripdick
698,die
699,fuckina
700,orgy
701,phungky
702,beavercleaver
703,sexy
704,darky
705,magicwand
706,screw
707,dominatrix
708,buttfucker
709,neonazi
710,fuckpig
711,manpaste
712,molest
713,whiskydick
714,lez
715,darkie
716,rearend
717,niggardliness's
718,trojan
719,smack
720,lapdance
721,brunetteaction
722,hindoo
723,fourtwenty
724,deepthroat
725,moles
726,hebe
727,pommy
728,fuckher
729,stringer
730,onecuptwogirls
731,peck
732,backdoorman
733,malesquirting
734,shiting
735,clamdiver
736,fairy
737,pussylicker
738,slav
739,nigre
740,robber
741,horny
742,penetration
743,phuking
744,cigarette
745,dyefly
746,playboy
747,goldenshower
748,cumshot
749,chinamen
750,pickaninny
751,diddle
752,fatah
753,bombers
754,suckdick
755,bigbastard
756,pube
757,mosshead
758,pornking
759,terror
760,pimper
761,fuckbuddy
762,period
763,catholics
764,pistol
765,gspot
766,doodoo
767,mockey
768,funeral
769,prickhead
770,whop
771,allah
772,pussyeater
773,cocksmith
774,executed
775,barelylegal
776,niggarding
777,swastika
778,buried
779,pocho
780,nip
781,weewee
782,whiskey
783,beast
784,phonesex
785,muncher
786,fuckhead
787,smackthemonkey
788,badfuck
789,harem
790,nigerians
791,bastardo
792,shooting
793,pissoff
794,fistfucked
795,ginzo
796,mattressprincess
797,primetime
798,undressing
799,fuckable
800,puss
801,bbw
802,damnation
803,jeez
804,stroking
805,leatherrestraint
806,yankee
807,piky
808,beastality
809,cocksucer
810,goddamn
811,poopchute
812,shitfaced
813,dickhead
814,gangbanged
815,masterbate
816,pikey
817,rosypalmandher5sisters
818,doggiestyle
819,bitches
820,desire
821,pansies
822,dickbrain
823,sissy
824,felch
825,penis
826,horney
827,buttmunch
828,baptist
829,assassin
830,fingering
831,cock
832,osama
833,mothafucking
834,republican
835,wetb
836,freefuck
837,rere
838,goatse
839,transexual
840,bunghole
841,assholes
842,buttfuck
843,nignog
844,snowback
845,sniper
846,gangbang
847,cockfight
848,death
849,mggor
850,skankbitch
851,goy
852,twat
853,masturbate
854,usama
855,babeland
856,dickwad
857,cornhole
858,nigra
859,fuckinright
860,bluewaffle
861,clit
862,niggle
863,timbernigger
864,picaninny
865,whorefucker
866,yellowman
867,ass
868,ero
869,dommes
870,nig
871,lolita
872,grostulation
873,dixiedike
874,shitfucker
875,hymie
876,sheeney
877,asswipe
878,crash
879,vomit
880,died
881,femdom
882,cameljockey
883,footfuck
884,sonofbitch
885,clevelandsteamer
886,dahmer
887,feltcher
888,bitch
889,fingerfuckers
890,buttface
891,evl
892,dammit
893,lovepistol
894,twink
895,shitting
896,blind
897,reefer
898,beaverlips
899,motherlovebone
900,panties
901,fucka
902,fatass
903,lugan
904,devil
905,pornflick
906,russkie
907,fight
908,thirdleg
909,hore
910,jerkoff
911,negroes
912,moron
913,shavedbeaver
914,gonzagas
915,drunken
916,blackman
917,asskisser
918,crotchrot
919,motherfuckin
920,lezzo
921,fondle
922,slopey
923,clusterfuck
924,fister
925,skankfuck
926,condom
927,kill
928,taff
929,shithouse
930,cockblock
931,hoes
932,horniest
933,kunt
934,facefucker
935,assmuncher
936,bollock
937,smut
938,stupidfuck
939,assmunch
940,prostitute
941,payo
942,poorwhitetrash
943,honkey
944,farting
945,getiton
946,bulldike
947,raping
948,arab
949,moky
950,futanari
951,nigger
952,illegal
953,hardcore
954,skinflute
955,throating
956,asspacker
957,leatherstraightjacket
958,raghead
959,crotch
960,googirl
961,knobbing
962,buttman
963,glazeddonut
964,urethraplay
965,africa
966,fairies
967,fuckmehard
968,shavedpussy
969,bitchin
970,fu
971,cocks
972,fucker
973,gyppie
974,kinkster
975,penthouse
976,biatch
977,wop
978,erect
979,fag
980,fuck
981,shitfull
982,vaginal
983,fraud
984,color
985,flasher
986,filipino
987,sexpot
988,sexymoma
989,boonie
990,puke
991,buttcheeks
992,cacker
993,bdsm
994,shemale
995,porchmonkey
996,violetblue
997,eatme
998,looser
999,virgin
1000,assbagger
1001,limy
1002,negro's
1003,lesbian
1004,hustler
1005,cunteyed
1006,tarbaby
1007,nipples
1008,dumbfuck
1009,backdoor
1010,wuzzie
1011,sadom
1012,threeway
1013,pimpjuic
1014,chinaman
1015,brownshowers
1016,pubes
1017,masturbating
1018,bollocks
1019,bunga
1020,sodomize
1021,goddammit
1022,footstar
1023,goatcx
1024,chink
1025,butthead
1026,liquor
1027,spermbag
1028,jailbait
1029,beatoff
1030,incest
1031,vagina
1032,urophilia
1033,niggarded
1034,kaffer
1035,rearentry
1036,motherfucking
1037,spic
1038,areola
1039,harder
1040,greaseball
1041,loverocket
1042,asshore
1043,perv
1044,fingerfood
1045,muff
1046,shaggin
1047,commie
1048,hitler
1049,burn
1050,honky
1051,tongue
1052,fubar
1053,oral
1054,dildo
1055,abbo
1056,sniggering
1057,bomb
1058,omorashi
1059,pedophile
1060,spig
1061,freakyfucker
1062,swallower
1063,birdlock
1064,bigbutt
1065,nastyho
1066,goddamnes
1067,pooperscooper
1068,bi
1069,sucks
1070,jizz
1071,nambla
1072,puntang
1073,gaysex
1074,bootycall
1075,reject
1076,enema
1077,sob
1078,spankthemonkey
1079,buggered
1080,jewish
1081,wuss
1082,asslick
1083,bitching
1084,stripclub
1085,gringo
1086,pendy
1087,tard
1088,boody
1089,chocolaterosebuds
1090,buttfuck
1091,domination
1092,faeces
1093,splittail
1094,clamdigger
1095,shitlist
1096,doubledong
1097,niggor
1098,motherfucked
1099,slimeball
1100,pusy
1101,pedobear
1102,excrement
1103,goddamnit
1104,stagg
1105,hijack
1106,sexkitten
1107,hook
1108,coolie
1109,phuq
1110,servant
1111,gyppo
1112,slopehead
1113,pud
1114,fingerfuck
1115,dumbass
1116,williewanker
1117,fisting
1118,crapper
1119,sixtyniner
1120,fetish
1121,twogirlsonecup
1122,threesome
1123,bitchez
1124,manhater
1125,pudd
1126,nympho
1127,mothafuckin
1128,shitted
1129,hitlerist
1130,semen
1131,pi55
1132,yaoi
1133,scissoring
1134,sodomise
1135,ky
1136,bigtits
1137,muffdiver
1138,farty
1139,nsfwimages
1140,ecchi
1141,dirtysanchez
1142,mooncricket
1143,shite
1144,boom
1145,asshat
1146,fat
1147,intercourse
1148,chav
1149,intheass
1150,jacktheripper
1151,felcher
1152,spaghettibender
1153,angry
1154,gaysex
1155,willy
1156,addict
1157,russki
1158,slimebucket
1159,bogan
1160,goodpoop
1161,fuckme
1162,shitcan
1163,brothel
1164,rentafuck
1165,footjob
1166,sick
1167,shitoutofluck
1168,paki
1169,rump
1170,licker
1171,nigerian
1172,pindick
1173,cockrider
1174,felching
1175,geezer
1176,balllicker
1177,ponyplay
1178,fuckoff
1179,jizzum
1180,sadis
1181,hodgie
1182,fatfucker
1183,poop
1184,tits
1185,bicurious
1186,bombs
1187,hork
1188,mrhands
1189,bicurious
1190,sooty
1191,liberal
1192,prick
1193,cloverclamps
1194,spunky
1195,nymphomania
1196,playgirl
1197,vietcong
1198,yellowshowers
1199,xxx
1200,pecker
1201,bitchslap
1202,demon
1203,crap
1204,jihad
1205,assjockey
1206,macaca
1207,kums
1208,kinky
1209,pooper
1210,homicide
1211,fuuck
1212,poon
1213,fear
1214,shitfuck
1215,tittie
1216,wanking
1217,girlontop
1218,fistfucker
1219,zoophilia
1220,farted
1221,nigglings
1222,hiscock
1223,tang
1224,erotism
1225,floo
1226,honger
1227,meth
1228,beaner
1229,kummer
1230,wn
1231,geni
1232,whash
1233,fuckinnuts
1234,fuckin
1235,taintedlove
1236,dyke
1237,kotex
1238,suck
1239,poverty
1240,butchdike
1241,datnigga
1242,uterus
1243,execution
1244,trots
1245,luckycammeltoe
1246,roach
1247,swallow
1248,motherfuck
1249,blow
1250,ballgravy
1251,slutwear
1252,panti
1253,kissass
1254,shawtypimp
1255,muffdive
1256,mulatto
1257,noonan
1258,wab
1259,banging
1260,tunneloflove
1261,doggystyle
1262,fuckwhore
1263,rapist
1264,homobangers
1265,porno
1266,barfface
1267,sex
1268,syphilis
1269,pearlnecklace
1270,sleezeball
1271,sextoys
1272,assman
1273,german
1274,shagging
1275,anilingus
1276,stupidfucker
1277,loadedgun
1278,beastial
1279,shithead
1280,asses
1281,pussylover
1282,niggah
1283,gotohell
1284,jigga
1285,remains
1286,frotting
1287,thirdeye
1288,fuckknob
1289,inthebuff
1290,nawashi
1291,roundeye
1292,retarded
1293,mastabate
1294,disturbed
1295,kunnilingus
1296,bunghole
1297,peepee
1298,camwhore
1299,satan
1300,lowlife
1301,tubgirl
1302,fucks
1303,diseases
1304,blowyourl
1305,krap
1306,addicts
1307,snatchpatch
1308,bra
1309,poontang
1310,snatch
1311,pussypounder
1312,shit
1313,knife
1314,pu55i
1315,footaction
1316,footlicker
1317,bimbos
1318,mothafuckaz
1319,pussycat
1320,fucking
1321,funfuck
1322,pieceofshit
1323,boang
1324,nipple
1325,fuckit
1326,shoot
1327,quim
1328,bootycall
1329,slutting
1330,coitus
1331,tit
1332,spermherder
1333,ragingboner
1334,buttfucker
1335,quickie
1336,grope
1337,skum
1338,rectum
1339,kanake
1340,soviet
1341,lies
1342,honkers
1343,chinky
1344,dingleberry
1345,shota
1346,hillbillies
1347,godammit
1348,fugly
1349,nasty
1350,ejaculation
1351,waysted
1352,carpetmuncher
1353,nastybitch
1354,cameltoe
1355,strappado
1356,jew
1357,limpdick
1358,heroin
1359,panty
1360,polack
1361,pornprincess
1362,gonorrehea
1363,meatbeatter
1364,crotchmonkey
1365,topless
1366,shithappens
1367,footfetish
1368,canadian
1369,amateur
1370,uck
1371,whitenigger
1372,niger
1373,bigger
1374,squaw
1375,handjob
1376,buttbang
1377,titty
1378,gypo
1379,defecate
1380,kock
1381,niggaracci
1382,pussyfucker
1383,corruption
1384,girlsgonewild
1385,boobs
1386,ejaculated
1387,shitface
1388,autoerotic
1389,creamy
1390,bible
1391,fckcum
1392,knockers
1393,fucck
1394,whorehouse
1395,cocksmoker
1396,queer
1397,cocklover
1398,assblaster
1399,bombing
1400,hooters
1401,forni
1402,kike
1403,hapa
1404,bazooms
1405,vulva
1406,failure
1407,racial
1408,fuckfreak
1409,snot
1410,cuntsucker
1411,fingerfucked
1412,scallywag
1413,pixy
1414,kkk
1415,mastabater
1416,byatch
1417,whigger
1418,sos
1419,pussy
1420,groupsex
1421,attack
1422,fucktard
1423,nook
1424,marijuana
1425,filipina
1426,asscowboy
1427,fatso
1428,spit
1429,bazongas
1430,chickslick
1431,joint
1432,niggards
1433,cockblocker
1434,gob
1435,lingerie
1436,anal
1437,headlights
1438,dike
1439,pegging
1440,kaffre
1441,tastemy
1442,crackwhore
1443,lynch
1444,tubgirl
1445,bullshit
1446,explosion
1447,black
1448,homosexual
1449,fucked
1450,showtime
1451,lesbin
1452,kid
1453,fellatio
1454,nudger
1455,women's
1456,boonga
1457,choad
1458,assault
1459,cra5h
1460,tuckahoe
1461,fingerfucking
1462,hijacker
1463,athletesfoot
1464,pom
1465,livesex
1466,hostage
1467,cocknob
1468,nude
1469,hardcore
1470,fuckbag
1471,hobo
1472,itch
1473,gyp
1474,kyke
1475,pros
1476,stupid
1477,radicals
1478,figging
1479,fuckfest
1480,hottotrot
1481,kinbaku
1482,sexhouse
1483,violetwand
1484,analsex
1485,nigga
1486,nittit
1487,jiz
1488,suckmydick
1489,pussies
1490,hotdamn
1491,assfucker
1492,jizim
1493,pixie
1494,kum
1495,cemetery
1496,rigger
1497,ethicalslut
1498,dolcett
1499,ejaculating
1500,babe
1501,cumquat
1502,eatpussy
1503,phuk
1504,givehead
1505,drunk
1506,phukking
1507,shiteater
1508,catholic
1509,hooker
1510,cocksuck
1511,cocksucker
1512,ballkicking
1513,fuckyou
1514,crappy
1515,feltching
1516,mideast
1517,ecstacy
1518,ribbed
1519,dogstyle
1520,interracial
1521,tongueina
1522,pocha
1523,skankywhore
1524,pu55y
1525,motherfuckings
1526,piker
1527,peepshow
1528,jap
1529,yiffy
1530,tongethruster
1531,nigger's
1532,breastlover
1533,stroke
1534,twobitwhore
1535,shits
1536,israel's
1537,jerkoff
1538,bulletvibe
1539,assassinate
1540,killed
1541,pocketpool
1542,whacker
1543,wtf
1544,barf
1545,juggalo
1546,negro
1547,spick
1548,gyppy
1549,nymph
1550,snigger's
1551,violence
1552,lovemuscle
1553,dago
1554,feces
1555,booty
1556,niggers
1557,shitter
1558,sodomy
1559,hussy
1560,pisspig
1561,coprophilia
1562,christian
1563,pimped
1564,boob
1565,breast
1566,sperm
1567,coloured
1568,redlight
1569,blacks
1570,orga
1571,bumblefuck
1572,mams
1573,slavedriver
1574,killing
1575,uptheass
1576,bestial
1577,sweetness
1578,heeb
1579,piccaninny
1580,pot
1581,honk
1582,jizjuice
1583,fuc
1584,nignog
1585,mgger
1586,sexing
1587,virginbreaker
1588,samckdaddy
1589,masterblaster
1590,heterosexual
1591,jigger
1592,blowjob
1593,lovegun
1594,shitstain
1595,spank
1596,hiv
1597,lesbain
1598,mad
1599,sniggers
1600,jizm
1601,testicle
1602,ballsucking
1603,dragqween
1604,guro
1605,pubic
1606,titfuckin
1607,moneyshot
1608,camslut
1609,bountybar
1610,assklown
1611,cocky
1612,transsexual
1613,unfuckable
1614,bestiality
1615,cocklicker
1616,bithionol
1617,chlorofluorocarbonpropellants
1618,chloroform
1619,halogenatedsalicylanilides
1620,mercurycompounds
1621,methylenechloride
1622,bovinespongiformencephalopathy
1623,vinylchloride
1624,zirconiumcontainingcomplexes
1625,arsenic
1626,formaldehyde
1627,bisphenolaandphthalates
1628,polybrominateddiphenylethers
1629,lead
1630,nitrosamines
1631,benzene